nitiji,kennsuu,09:00,09:30,10:00,10:30,11:00,11:30,12:00,12:30,13:00,13:30,14:00,14:30,15:00,15:30,16:00,16:30,17:30,19:00,23:59
2016/12/01,1,0,0,0,0,0,0,0,0,0,0,0,0,0,1,0,0,0,0,0
2016/12/02,2,0,0,0,0,0,0,0,1,0,0,0,0,0,1,0,0,0,0,0
2016/12/03,1,0,0,0,0,0,0,0,0,0,0,0,1,0,0,0,0,0,0,0
2016/12/05,3,1,0,0,1,0,0,0,0,0,0,0,0,0,1,0,0,0,0,0
2016/12/06,3,1,0,0,1,0,0,0,0,0,0,0,0,0,1,0,0,0,0,0
2016/12/07,2,1,0,0,1,0,0,0,0,0,0,0,0,0,0,0,0,0,0,0
2016/12/08,2,0,0,0,1,0,0,0,0,0,0,0,0,0,1,0,0,0,0,0
2016/12/12,1,1,0,0,0,0,0,0,0,0,0,0,0,0,0,0,0,0,0,0
2016/12/13,2,0,0,0,1,0,0,0,0,0,0,0,0,0,1,0,0,0,0,0
2016/12/14,2,1,0,0,0,0,0,0,0,0,0,1,0,0,0,0,0,0,0,0
2016/12/15,3,0,0,0,1,0,0,0,0,0,0,1,0,0,1,0,0,0,0,0
2016/12/16,2,1,0,0,0,0,0,0,0,0,0,1,0,0,0,0,0,0,0,0
2016/12/17,1,0,0,0,1,0,0,0,0,0,0,0,0,0,0,0,0,0,0,0
2016/12/18,1,1,0,0,0,0,0,0,0,0,0,0,0,0,0,0,0,0,0,0
2016/12/19,1,1,0,0,0,0,0,0,0,0,0,0,0,0,0,0,0,0,0,0
2016/12/20,1,0,0,0,1,0,0,0,0,0,0,0,0,0,0,0,0,0,0,0
2016/12/22,1,0,0,0,1,0,0,0,0,0,0,0,0,0,0,0,0,0,0,0
2016/12/27,1,0,0,0,1,0,0,0,0,0,0,0,0,0,0,0,0,0,0,0
2016/12/28,1,0,0,1,0,0,0,0,0,0,0,0,0,0,0,0,0,0,0,0
2016/12/29,2,0,0,0,1,0,0,0,0,1,0,0,0,0,0,0,0,0,0,0
2016/12/30,1,0,0,0,0,0,0,0,0,0,0,0,1,0,0,0,0,0,0,0
2016/12/31,1,1,0,0,0,0,0,0,0,0,0,0,0,0,0,0,0,0,0,0
2017/01/01,1,0,0,0,0,0,0,0,0,0,0,0,0,1,0,0,0,0,0,0
2017/01/02,1,0,0,0,1,0,0,0,0,0,0,0,0,0,0,0,0,0,0,0
2017/01/05,1,0,0,0,1,0,0,0,0,0,0,0,0,0,0,0,0,0,0,0
2017/01/10,1,0,0,0,1,0,0,0,0,0,0,0,0,0,0,0,0,0,0,0
2017/01/17,1,0,0,0,1,0,0,0,0,0,0,0,0,0,0,0,0,0,0,0
2017/01/21,1,0,0,0,0,0,0,0,0,0,0,0,0,1,0,0,0,0,0,0
2017/01/22,1,1,0,0,0,0,0,0,0,0,0,0,0,0,0,0,0,0,0,0
2017/01/23,1,0,0,1,0,0,0,0,0,0,0,0,0,0,0,0,0,0,0,0
2017/01/24,1,0,0,0,0,0,0,0,0,0,0,1,0,0,0,0,0,0,0,0
2017/01/25,1,0,0,1,0,0,0,0,0,0,0,0,0,0,0,0,0,0,0,0
2017/01/26,1,0,0,1,0,0,0,0,0,0,0,0,0,0,0,0,0,0,0,0
2017/02/08,1,0,0,0,0,0,0,0,0,0,0,1,0,0,0,0,0,0,0,0
2017/02/09,1,0,0,1,0,0,0,0,0,0,0,0,0,0,0,0,0,0,0,0
2017/02/10,1,0,0,1,0,0,0,0,0,0,0,0,0,0,0,0,0,0,0,0
2017/02/14,2,0,0,1,0,0,0,0,0,0,0,0,0,1,0,0,0,0,0,0
2017/02/15,3,0,0,1,0,0,0,0,0,0,0,0,0,1,0,0,1,0,0,0
2017/02/16,3,0,0,1,0,0,0,0,0,0,0,1,0,0,1,0,0,0,0,0
2017/02/17,4,1,0,0,1,0,0,0,0,0,0,1,0,0,1,0,0,0,0,0
2017/02/18,3,1,0,0,1,0,0,0,0,0,0,0,0,1,0,0,0,0,0,0
2017/02/19,3,1,0,0,1,0,0,0,0,1,0,0,0,0,0,0,0,0,0,0
2017/02/20,3,1,0,0,1,0,0,0,0,0,0,1,0,0,0,0,0,0,0,0
2017/02/21,2,1,0,0,0,0,0,0,0,0,0,1,0,0,0,0,0,0,0,0
2017/02/22,1,0,0,0,1,0,0,0,0,0,0,0,0,0,0,0,0,0,0,0
2017/02/23,1,0,0,0,0,0,0,0,0,0,0,1,0,0,0,0,0,0,0,0
2017/02/24,1,0,0,0,0,0,0,0,0,0,0,1,0,0,0,0,0,0,0,0
2017/03/09,1,0,0,1,0,0,0,0,0,0,0,0,0,0,0,0,0,0,0,0
2017/03/10,1,0,0,1,0,0,0,0,0,0,0,0,0,0,0,0,0,0,0,0
2017/03/11,1,0,0,0,1,0,0,0,0,0,0,0,0,0,0,0,0,0,0,0
2017/03/12,1,1,0,0,0,0,0,0,0,0,0,0,0,0,0,0,0,0,0,0
2017/03/13,1,0,0,1,0,0,0,0,0,0,0,0,0,0,0,0,0,0,0,0
2017/03/14,1,1,0,0,0,0,0,0,0,0,0,0,0,0,0,0,0,0,0,0
2017/03/23,1,0,0,1,0,0,0,0,0,0,0,0,0,0,0,0,0,0,0,0
2017/03/24,1,0,0,1,0,0,0,0,0,0,0,0,0,0,0,0,0,0,0,0
2017/03/25,2,0,0,0,1,0,0,0,0,0,0,0,1,0,0,0,0,0,0,0
2017/03/26,2,1,0,0,1,0,0,0,0,0,0,0,0,0,0,0,0,0,0,0
2017/03/27,2,0,0,1,0,0,0,0,0,0,0,1,0,0,0,0,0,0,0,0
2017/03/28,2,1,0,0,0,0,0,0,0,0,0,1,0,0,0,0,0,0,0,0
2017/03/29,1,0,0,0,0,0,0,0,0,0,0,1,0,0,0,0,0,0,0,0
2017/03/30,1,0,0,0,0,0,0,0,0,0,0,1,0,0,0,0,0,0,0,0
2017/04/05,1,0,0,1,0,0,0,0,0,0,0,0,0,0,0,0,0,0,0,0
2017/04/06,1,0,1,0,0,0,0,0,0,0,0,0,0,0,0,0,0,0,0,0
2017/04/07,1,0,0,1,0,0,0,0,0,0,0,0,0,0,0,0,0,0,0,0
2017/04/10,1,0,1,0,0,0,0,0,0,0,0,0,0,0,0,0,0,0,0,0
2017/04/11,1,0,0,1,0,0,0,0,0,0,0,0,0,0,0,0,0,0,0,0
2017/04/12,1,0,1,0,0,0,0,0,0,0,0,0,0,0,0,0,0,0,0,0
2017/04/13,1,0,0,1,0,0,0,0,0,0,0,0,0,0,0,0,0,0,0,0
2017/04/14,1,0,1,0,0,0,0,0,0,0,0,0,0,0,0,0,0,0,0,0
2017/04/16,1,1,0,0,0,0,0,0,0,0,0,0,0,0,0,0,0,0,0,0
2017/04/17,2,0,0,2,0,0,0,0,0,0,0,0,0,0,0,0,0,0,0,0
2017/04/18,2,0,1,1,0,0,0,0,0,0,0,0,0,0,0,0,0,0,0,0
2017/04/19,2,0,0,1,0,0,0,0,0,0,0,1,0,0,0,0,0,0,0,0
2017/04/20,2,0,0,1,0,0,0,0,0,0,0,1,0,0,0,0,0,0,0,0
2017/04/21,2,0,0,1,0,0,0,0,0,0,0,1,0,0,0,0,0,0,0,0
2017/04/22,1,0,0,0,1,0,0,0,0,0,0,0,0,0,0,0,0,0,0,0
2017/04/23,1,0,1,0,0,0,0,0,0,0,0,0,0,0,0,0,0,0,0,0
2017/04/24,1,1,0,0,0,0,0,0,0,0,0,0,0,0,0,0,0,0,0,0
2017/04/28,1,0,0,0,0,0,0,0,0,0,0,1,0,0,0,0,0,0,0,0
2017/04/29,2,0,1,0,0,1,0,0,0,0,0,0,0,0,0,0,0,0,0,0
2017/04/30,2,0,1,0,0,1,0,0,0,0,0,0,0,0,0,0,0,0,0,0
2017/05/01,2,0,0,0,1,0,0,0,0,0,0,1,0,0,0,0,0,0,0,0
2017/05/02,2,0,0,0,1,0,0,0,0,0,0,1,0,0,0,0,0,0,0,0
2017/05/03,2,1,0,0,1,0,0,0,0,0,0,0,0,0,0,0,0,0,0,0
2017/05/04,1,0,0,0,0,1,0,0,0,0,0,0,0,0,0,0,0,0,0,0
2017/05/12,1,0,0,0,0,0,0,0,0,0,0,1,0,0,0,0,0,0,0,0
2017/05/13,1,0,0,0,0,1,0,0,0,0,0,0,0,0,0,0,0,0,0,0
2017/05/14,1,0,0,1,0,0,0,0,0,0,0,0,0,0,0,0,0,0,0,0
2017/05/15,1,0,0,0,0,0,0,0,0,0,0,1,0,0,0,0,0,0,0,0
2017/05/16,1,0,0,0,0,0,0,0,0,0,0,1,0,0,0,0,0,0,0,0
2017/05/20,1,0,1,0,0,0,0,0,0,0,0,0,0,0,0,0,0,0,0,0
2017/05/21,1,1,0,0,0,0,0,0,0,0,0,0,0,0,0,0,0,0,0,0
2017/05/22,1,0,0,0,0,0,0,0,0,0,1,0,0,0,0,0,0,0,0,0
2017/05/23,2,0,0,1,0,0,0,0,0,0,0,1,0,0,0,0,0,0,0,0
2017/05/24,2,0,0,1,0,0,0,0,0,0,0,0,1,0,0,0,0,0,0,0
2017/05/25,1,0,0,1,0,0,0,0,0,0,0,0,0,0,0,0,0,0,0,0
2017/05/26,1,0,0,1,0,0,0,0,0,0,0,0,0,0,0,0,0,0,0,0
2017/05/27,1,0,0,0,0,0,0,0,0,0,0,1,0,0,0,0,0,0,0,0
2017/05/28,1,1,0,0,0,0,0,0,0,0,0,0,0,0,0,0,0,0,0,0
2017/05/29,1,0,0,0,0,0,0,0,0,0,0,1,0,0,0,0,0,0,0,0
2017/05/30,1,0,0,1,0,0,0,0,0,0,0,0,0,0,0,0,0,0,0,0
2017/05/31,1,0,0,1,0,0,0,0,0,0,0,0,0,0,0,0,0,0,0,0
2017/06/01,1,0,0,1,0,0,0,0,0,0,0,0,0,0,0,0,0,0,0,0
2017/06/02,1,0,0,1,0,0,0,0,0,0,0,0,0,0,0,0,0,0,0,0
2017/06/05,1,0,0,1,0,0,0,0,0,0,0,0,0,0,0,0,0,0,0,0
2017/06/06,1,1,0,0,0,0,0,0,0,0,0,0,0,0,0,0,0,0,0,0
2017/06/07,1,0,0,1,0,0,0,0,0,0,0,0,0,0,0,0,0,0,0,0
2017/06/08,1,0,0,1,0,0,0,0,0,0,0,0,0,0,0,0,0,0,0,0
2017/07/08,1,0,0,0,0,1,0,0,0,0,0,0,0,0,0,0,0,0,0,0
2017/07/09,1,1,0,0,0,0,0,0,0,0,0,0,0,0,0,0,0,0,0,0
2017/07/10,1,0,0,0,0,0,0,0,0,0,0,0,1,0,0,0,0,0,0,0
2017/07/11,1,0,0,0,0,0,0,0,0,0,0,0,1,0,0,0,0,0,0,0
2017/07/13,1,0,0,1,0,0,0,0,0,0,0,0,0,0,0,0,0,0,0,0
2017/07/14,1,0,0,0,1,0,0,0,0,0,0,0,0,0,0,0,0,0,0,0
2017/07/15,1,0,0,1,0,0,0,0,0,0,0,0,0,0,0,0,0,0,0,0
2017/07/16,1,0,1,0,0,0,0,0,0,0,0,0,0,0,0,0,0,0,0,0
2017/07/17,1,0,0,0,0,0,0,0,0,0,0,1,0,0,0,0,0,0,0,0
2017/07/18,1,0,0,0,1,0,0,0,0,0,0,0,0,0,0,0,0,0,0,0
2017/07/27,1,0,0,0,0,0,0,0,0,0,0,0,0,1,0,0,0,0,0,0
2017/07/28,1,0,0,0,0,0,0,0,0,0,0,0,1,0,0,0,0,0,0,0
2017/08/16,1,0,0,0,0,0,0,0,0,0,0,0,1,0,0,0,0,0,0,0
2017/08/17,2,0,0,0,1,0,0,0,0,0,0,0,1,0,0,0,0,0,0,0
2017/08/18,2,0,0,0,0,0,0,0,0,1,0,0,1,0,0,0,0,0,0,0
2017/08/19,2,0,0,1,0,0,0,0,0,0,0,0,0,0,0,0,0,0,0,1
2017/08/20,2,1,0,0,1,0,0,0,0,0,0,0,0,0,0,0,0,0,0,0
2017/08/21,2,0,0,0,1,0,0,0,0,0,0,0,1,0,0,0,0,0,0,0
2017/08/22,1,0,0,0,1,0,0,0,0,0,0,0,0,0,0,0,0,0,0,0
2017/08/23,1,0,0,0,0,0,0,0,0,0,0,0,1,0,0,0,0,0,0,0
2017/08/25,1,0,0,0,1,0,0,0,0,0,0,0,0,0,0,0,0,0,0,0
2017/08/28,1,0,0,0,1,0,0,0,0,0,0,0,0,0,0,0,0,0,0,0
2017/09/16,1,0,0,0,0,0,0,0,0,0,0,1,0,0,0,0,0,0,0,0
2017/09/17,1,0,1,0,0,0,0,0,0,0,0,0,0,0,0,0,0,0,0,0
2017/09/18,1,0,0,0,0,0,0,0,0,0,0,1,0,0,0,0,0,0,0,0
2017/09/19,1,0,0,0,0,0,0,0,0,0,0,0,1,0,0,0,0,0,0,0
2017/09/20,2,0,0,0,1,0,0,0,0,0,0,0,1,0,0,0,0,0,0,0
2017/09/21,1,0,0,0,0,0,0,0,0,0,0,0,1,0,0,0,0,0,0,0
2017/09/22,1,0,0,0,1,0,0,0,0,0,0,0,0,0,0,0,0,0,0,0
2017/09/27,1,0,0,0,1,0,0,0,0,0,0,0,0,0,0,0,0,0,0,0
2017/09/29,1,0,0,0,1,0,0,0,0,0,0,0,0,0,0,0,0,0,0,0
2017/10/02,1,0,0,0,1,0,0,0,0,0,0,0,0,0,0,0,0,0,0,0
2017/10/04,1,0,0,0,1,0,0,0,0,0,0,0,0,0,0,0,0,0,0,0
2017/10/06,1,0,0,0,1,0,0,0,0,0,0,0,0,0,0,0,0,0,0,0
2017/10/11,1,0,0,0,1,0,0,0,0,0,0,0,0,0,0,0,0,0,0,0
2017/10/13,1,0,0,0,1,0,0,0,0,0,0,0,0,0,0,0,0,0,0,0
2017/10/17,1,0,0,1,0,0,0,0,0,0,0,0,0,0,0,0,0,0,0,0
2017/10/18,1,0,0,1,0,0,0,0,0,0,0,0,0,0,0,0,0,0,0,0
2017/10/20,1,0,0,1,0,0,0,0,0,0,0,0,0,0,0,0,0,0,0,0
2017/10/23,1,0,0,1,0,0,0,0,0,0,0,0,0,0,0,0,0,0,0,0
2017/10/25,1,0,0,1,0,0,0,0,0,0,0,0,0,0,0,0,0,0,0,0
2017/10/27,1,0,0,1,0,0,0,0,0,0,0,0,0,0,0,0,0,0,0,0
2017/10/30,1,0,0,1,0,0,0,0,0,0,0,0,0,0,0,0,0,0,0,0
2017/11/01,1,0,0,1,0,0,0,0,0,0,0,0,0,0,0,0,0,0,0,0
2017/11/06,1,0,0,1,0,0,0,0,0,0,0,0,0,0,0,0,0,0,0,0
2017/11/07,1,0,0,1,0,0,0,0,0,0,0,0,0,0,0,0,0,0,0,0
2017/11/08,2,0,0,1,0,0,0,0,0,0,0,1,0,0,0,0,0,0,0,0
2017/11/09,2,0,0,0,0,0,0,0,0,0,0,1,0,0,1,0,0,0,0,0
2017/11/10,3,0,0,1,0,0,0,0,0,0,0,1,0,0,1,0,0,0,0,0
2017/11/11,2,0,0,0,0,1,0,0,0,0,0,0,0,1,0,0,0,0,0,0
2017/11/12,1,0,0,0,0,0,0,0,0,0,0,0,0,1,0,0,0,0,0,0
2017/11/13,2,1,0,0,1,0,0,0,0,0,0,0,0,0,0,0,0,0,0,0
2017/11/14,1,0,0,0,0,0,0,0,0,0,0,1,0,0,0,0,0,0,0,0
2017/11/15,1,0,0,0,0,0,0,0,0,0,0,1,0,0,0,0,0,0,0,0
2017/11/17,1,0,0,1,0,0,0,0,0,0,0,0,0,0,0,0,0,0,0,0
2017/11/18,1,0,0,0,0,1,0,0,0,0,0,0,0,0,0,0,0,0,0,0
2017/11/19,1,0,0,0,0,0,0,0,0,0,0,0,0,1,0,0,0,0,0,0
2017/11/20,1,0,0,1,0,0,0,0,0,0,0,0,0,0,0,0,0,0,0,0
2017/11/21,1,0,0,1,0,0,0,0,0,0,0,0,0,0,0,0,0,0,0,0
2017/11/22,2,0,0,1,0,0,0,0,0,0,0,1,0,0,0,0,0,0,0,0
2017/11/24,1,0,0,0,0,0,0,0,0,0,0,1,0,0,0,0,0,0,0,0
2017/11/25,1,0,0,0,0,1,0,0,0,0,0,0,0,0,0,0,0,0,0,0
2017/11/26,1,1,0,0,0,0,0,0,0,0,0,0,0,0,0,0,0,0,0,0
2017/12/28,1,0,0,1,0,0,0,0,0,0,0,0,0,0,0,0,0,0,0,0
2017/12/29,1,0,0,1,0,0,0,0,0,0,0,0,0,0,0,0,0,0,0,0
2018/01/19,1,0,0,0,0,0,0,0,0,0,0,1,0,0,0,0,0,0,0,0
2018/01/20,1,0,0,0,0,0,0,0,0,0,0,0,1,0,0,0,0,0,0,0
2018/01/21,1,1,0,0,0,0,0,0,0,0,0,0,0,0,0,0,0,0,0,0
2018/01/22,1,0,0,0,0,0,0,0,0,0,0,1,0,0,0,0,0,0,0,0
2018/01/23,1,0,0,0,0,0,0,0,0,0,0,1,0,0,0,0,0,0,0,0
2018/01/24,1,0,0,0,1,0,0,0,0,0,0,0,0,0,0,0,0,0,0,0
2018/01/25,1,0,0,0,0,0,0,0,0,0,0,1,0,0,0,0,0,0,0,0
2018/02/01,1,0,0,0,0,0,0,0,0,1,0,0,0,0,0,0,0,0,0,0
2018/02/02,1,0,0,0,0,0,0,0,0,0,0,1,0,0,0,0,0,0,0,0
2018/02/03,2,0,0,0,1,0,0,0,0,0,0,1,0,0,0,0,0,0,0,0
2018/02/04,2,1,0,0,1,0,0,0,0,0,0,0,0,0,0,0,0,0,0,0
2018/02/05,2,0,0,1,0,0,0,0,0,0,0,1,0,0,0,0,0,0,0,0
2018/02/06,3,1,0,0,1,0,0,0,0,0,0,1,0,0,0,0,0,0,0,0
2018/02/07,2,0,0,0,1,0,0,0,0,0,0,1,0,0,0,0,0,0,0,0
2018/02/08,3,1,0,0,1,0,0,0,0,0,1,0,0,0,0,0,0,0,0,0
2018/02/09,2,0,0,0,1,0,0,0,0,0,1,0,0,0,0,0,0,0,0,0
2018/02/10,2,0,0,0,1,0,0,0,0,0,0,1,0,0,0,0,0,0,0,0
2018/02/11,2,0,1,0,0,1,0,0,0,0,0,0,0,0,0,0,0,0,0,0
2018/02/12,1,0,0,1,0,0,0,0,0,0,0,0,0,0,0,0,0,0,0,0
2018/02/13,1,0,0,1,0,0,0,0,0,0,0,0,0,0,0,0,0,0,0,0
2018/02/17,1,0,0,0,1,0,0,0,0,0,0,0,0,0,0,0,0,0,0,0
2018/02/18,1,1,0,0,0,0,0,0,0,0,0,0,0,0,0,0,0,0,0,0
2018/02/19,1,0,0,0,1,0,0,0,0,0,0,0,0,0,0,0,0,0,0,0
2018/02/20,1,0,0,0,1,0,0,0,0,0,0,0,0,0,0,0,0,0,0,0
2018/02/21,1,0,0,0,1,0,0,0,0,0,0,0,0,0,0,0,0,0,0,0
2018/02/22,1,0,0,0,1,0,0,0,0,0,0,0,0,0,0,0,0,0,0,0
2018/03/08,1,0,0,1,0,0,0,0,0,0,0,0,0,0,0,0,0,0,0,0
2018/03/09,1,0,0,1,0,0,0,0,0,0,0,0,0,0,0,0,0,0,0,0
2018/03/10,1,0,0,0,1,0,0,0,0,0,0,0,0,0,0,0,0,0,0,0
2018/03/11,1,1,0,0,0,0,0,0,0,0,0,0,0,0,0,0,0,0,0,0
2018/03/12,1,0,0,1,0,0,0,0,0,0,0,0,0,0,0,0,0,0,0,0
2018/03/13,1,0,0,1,0,0,0,0,0,0,0,0,0,0,0,0,0,0,0,0
2018/03/24,1,1,0,0,0,0,0,0,0,0,0,0,0,0,0,0,0,0,0,0
2018/03/25,1,0,0,0,0,1,0,0,0,0,0,0,0,0,0,0,0,0,0,0
2018/03/26,1,0,0,1,0,0,0,0,0,0,0,0,0,0,0,0,0,0,0,0
2018/03/27,2,0,0,1,0,0,0,0,0,0,0,1,0,0,0,0,0,0,0,0
2018/03/28,2,1,0,0,0,0,0,0,0,0,0,1,0,0,0,0,0,0,0,0
2018/03/29,2,0,0,1,0,0,0,0,0,0,0,1,0,0,0,0,0,0,0,0
2018/03/30,2,0,0,1,0,0,0,0,0,0,0,1,0,0,0,0,0,0,0,0
2018/03/31,1,1,0,0,0,0,0,0,0,0,0,0,0,0,0,0,0,0,0,0
2018/04/01,1,1,0,0,0,0,0,0,0,0,0,0,0,0,0,0,0,0,0,0
2018/04/02,1,0,0,0,0,0,0,0,0,0,0,0,0,1,0,0,0,0,0,0
2018/04/03,1,0,0,1,0,0,0,0,0,0,0,0,0,0,0,0,0,0,0,0
2018/04/04,1,0,0,1,0,0,0,0,0,0,0,0,0,0,0,0,0,0,0,0
2018/04/05,2,0,0,1,0,0,0,0,0,0,0,1,0,0,0,0,0,0,0,0
2018/04/06,2,1,0,0,1,0,0,0,0,0,0,0,0,0,0,0,0,0,0,0
2018/04/07,2,0,1,0,0,0,0,0,0,0,0,1,0,0,0,0,0,0,0,0
2018/04/09,1,0,0,1,0,0,0,0,0,0,0,0,0,0,0,0,0,0,0,0
2018/04/10,1,0,0,1,0,0,0,0,0,0,0,0,0,0,0,0,0,0,0,0
2018/04/11,1,0,0,1,0,0,0,0,0,0,0,0,0,0,0,0,0,0,0,0
2018/04/12,1,0,0,1,0,0,0,0,0,0,0,0,0,0,0,0,0,0,0,0
2018/04/13,2,1,0,0,1,0,0,0,0,0,0,0,0,0,0,0,0,0,0,0
2018/04/14,3,1,0,0,0,1,0,0,0,0,1,0,0,0,0,0,0,0,0,0
2018/04/15,1,1,0,0,0,0,0,0,0,0,0,0,0,0,0,0,0,0,0,0
2018/04/16,3,1,0,0,1,0,0,0,0,0,0,1,0,0,0,0,0,0,0,0
2018/04/17,2,1,0,0,1,0,0,0,0,0,0,0,0,0,0,0,0,0,0,0
2018/04/18,2,1,0,0,0,0,0,0,0,0,0,1,0,0,0,0,0,0,0,0
2018/04/19,1,0,0,0,1,0,0,0,0,0,0,0,0,0,0,0,0,0,0,0
2018/04/20,2,0,0,1,0,0,0,0,0,0,0,0,1,0,0,0,0,0,0,0
2018/04/21,3,0,0,0,1,0,0,0,0,1,0,0,1,0,0,0,0,0,0,0
2018/04/22,2,0,0,0,0,0,0,0,0,0,1,0,0,1,0,0,0,0,0,0
2018/04/23,3,1,0,0,1,0,0,0,0,0,0,1,0,0,0,0,0,0,0,0
2018/04/24,3,1,0,0,1,0,0,0,0,0,0,1,0,0,0,0,0,0,0,0
2018/04/25,2,1,0,0,1,0,0,0,0,0,0,0,0,0,0,0,0,0,0,0
2018/04/26,2,1,0,0,1,0,0,0,0,0,0,0,0,0,0,0,0,0,0,0
2018/04/27,1,1,0,0,0,0,0,0,0,0,0,0,0,0,0,0,0,0,0,0
2018/05/07,1,0,0,0,0,0,0,0,0,1,0,0,0,0,0,0,0,0,0,0
2018/05/08,1,0,0,0,0,0,0,0,0,1,0,0,0,0,0,0,0,0,0,0
2018/05/09,2,0,0,0,0,0,0,0,0,1,0,0,1,0,0,0,0,0,0,0
2018/05/10,3,0,0,1,0,0,0,0,0,0,1,0,0,1,0,0,0,0,0,0
2018/05/11,2,0,0,1,0,0,0,0,0,0,1,0,0,0,0,0,0,0,0,0
2018/05/12,2,1,0,0,1,0,0,0,0,0,0,0,0,0,0,0,0,0,0,0
2018/05/14,1,0,0,0,0,0,0,0,0,0,1,0,0,0,0,0,0,0,0,0
2018/05/15,2,0,0,1,0,0,0,0,0,0,1,0,0,0,0,0,0,0,0,0
2018/05/16,1,0,0,0,0,0,0,0,0,0,1,0,0,0,0,0,0,0,0,0
2018/05/17,3,0,0,1,0,0,0,0,0,0,1,0,0,1,0,0,0,0,0,0
2018/05/18,3,1,0,0,0,0,0,0,0,0,1,0,0,1,0,0,0,0,0,0
2018/05/19,3,1,0,0,1,0,0,0,0,0,1,0,0,0,0,0,0,0,0,0
2018/05/21,5,1,0,0,1,0,0,0,0,1,0,0,1,0,0,1,0,0,0,0
2018/05/22,5,1,0,0,1,0,0,0,0,1,0,0,1,0,0,1,0,0,0,0
2018/05/23,4,1,0,0,0,1,0,0,0,1,0,0,0,0,0,1,0,0,0,0
2018/05/24,4,0,1,0,1,0,0,0,0,1,0,0,1,0,0,0,0,0,0,0
2018/05/25,3,0,0,0,1,0,0,0,0,1,0,1,0,0,0,0,0,0,0,0
2018/05/26,4,1,0,0,1,0,0,0,0,1,0,0,1,0,0,0,0,0,0,0
2018/05/28,3,0,0,0,1,0,0,0,1,0,0,0,1,0,0,0,0,0,0,0
2018/05/29,3,1,0,0,1,0,0,0,0,1,0,0,0,0,0,0,0,0,0,0
2018/05/30,2,0,0,0,1,0,0,0,0,1,0,0,0,0,0,0,0,0,0,0
2018/05/31,2,0,0,0,1,0,0,0,0,1,0,0,0,0,0,0,0,0,0,0
2018/06/01,3,1,0,0,1,0,0,0,0,1,0,0,0,0,0,0,0,0,0,0
2018/06/02,1,0,0,0,1,0,0,0,0,0,0,0,0,0,0,0,0,0,0,0
2018/06/04,1,0,0,0,1,0,0,0,0,0,0,0,0,0,0,0,0,0,0,0
2018/06/05,1,1,0,0,0,0,0,0,0,0,0,0,0,0,0,0,0,0,0,0
2018/06/06,1,0,0,0,1,0,0,0,0,0,0,0,0,0,0,0,0,0,0,0
2018/06/07,2,0,0,0,1,0,0,0,0,0,0,0,1,0,0,0,0,0,0,0
2018/06/08,1,0,0,0,1,0,0,0,0,0,0,0,0,0,0,0,0,0,0,0
2018/06/09,1,0,1,0,0,0,0,0,0,0,0,0,0,0,0,0,0,0,0,0
2018/06/11,1,0,0,0,1,0,0,0,0,0,0,0,0,0,0,0,0,0,0,0
2018/06/12,2,0,0,0,1,0,0,0,0,1,0,0,0,0,0,0,0,0,0,0
2018/06/13,2,0,0,0,1,0,0,0,0,1,0,0,0,0,0,0,0,0,0,0
2018/06/14,2,0,0,0,1,0,0,0,0,1,0,0,0,0,0,0,0,0,0,0
2018/06/15,3,0,0,0,1,0,0,0,0,1,0,0,1,0,0,0,0,0,0,0
2018/06/16,3,1,0,1,0,0,0,0,0,1,0,0,0,0,0,0,0,0,0,0
2018/06/19,2,0,0,0,1,0,0,0,0,0,0,0,1,0,0,0,0,0,0,0
2018/06/20,2,0,0,0,1,0,0,0,0,0,0,0,1,0,0,0,0,0,0,0
2018/06/21,2,0,0,0,1,0,0,0,0,0,0,0,1,0,0,0,0,0,0,0
2018/06/22,6,1,0,0,1,0,0,0,0,1,0,0,1,0,0,1,0,1,0,0
2018/06/23,6,1,0,0,1,0,0,0,0,1,0,0,1,0,0,1,0,1,0,0
2018/06/24,4,1,0,0,1,0,0,0,0,1,0,0,1,0,0,0,0,0,0,0
2018/06/25,4,1,0,0,1,0,0,0,0,1,0,0,1,0,0,0,0,0,0,0
2018/06/26,6,1,0,0,1,0,0,0,0,1,0,0,1,0,0,1,0,1,0,0
2018/06/27,4,1,0,0,1,0,0,0,0,1,0,0,1,0,0,0,0,0,0,0
2018/06/28,2,0,0,0,0,0,0,0,0,1,0,1,0,0,0,0,0,0,0,0
2018/06/29,1,0,0,0,0,0,0,0,0,1,0,0,0,0,0,0,0,0,0,0
2018/06/30,1,0,0,0,1,0,0,0,0,0,0,0,0,0,0,0,0,0,0,0
2018/07/02,3,0,1,0,1,0,0,0,0,1,0,0,0,0,0,0,0,0,0,0
2018/07/03,3,0,1,0,1,0,0,0,0,0,0,1,0,0,0,0,0,0,0,0
2018/07/04,2,1,0,0,0,0,0,0,0,0,0,0,1,0,0,0,0,0,0,0
2018/07/05,2,1,0,0,0,0,0,0,0,0,0,0,1,0,0,0,0,0,0,0
2018/07/06,2,1,0,0,0,0,0,0,0,0,0,0,0,1,0,0,0,0,0,0
2018/07/09,2,1,0,0,0,0,0,0,0,0,0,0,1,0,0,0,0,0,0,0
2018/07/10,1,1,0,0,0,0,0,0,0,0,0,0,0,0,0,0,0,0,0,0
2018/07/11,3,1,0,0,1,0,0,0,0,1,0,0,0,0,0,0,0,0,0,0
2018/07/12,2,1,0,0,0,1,0,0,0,0,0,0,0,0,0,0,0,0,0,0
2018/07/13,1,1,0,0,0,0,0,0,0,0,0,0,0,0,0,0,0,0,0,0
2018/07/24,1,0,0,0,1,0,0,0,0,0,0,0,0,0,0,0,0,0,0,0
2018/07/25,1,0,0,0,1,0,0,0,0,0,0,0,0,0,0,0,0,0,0,0
2018/07/26,1,0,0,0,1,0,0,0,0,0,0,0,0,0,0,0,0,0,0,0
2018/07/27,1,0,0,0,1,0,0,0,0,0,0,0,0,0,0,0,0,0,0,0
2018/07/28,1,0,0,0,1,0,0,0,0,0,0,0,0,0,0,0,0,0,0,0
2018/07/30,1,0,0,0,1,0,0,0,0,0,0,0,0,0,0,0,0,0,0,0
2018/07/31,1,0,0,0,1,0,0,0,0,0,0,0,0,0,0,0,0,0,0,0
2018/08/01,2,0,0,0,1,0,0,0,0,0,0,1,0,0,0,0,0,0,0,0
2018/08/02,2,0,0,0,1,0,0,0,0,0,0,0,1,0,0,0,0,0,0,0
2018/08/03,3,0,0,0,1,0,0,0,0,1,0,0,1,0,0,0,0,0,0,0
2018/08/04,2,0,0,0,1,0,0,0,0,0,0,1,0,0,0,0,0,0,0,0
2018/08/06,2,0,0,0,1,0,0,0,0,0,0,0,1,0,0,0,0,0,0,0
2018/08/07,2,0,0,0,0,0,0,0,0,1,0,0,1,0,0,0,0,0,0,0
2018/08/08,2,0,0,0,0,0,0,0,0,1,0,0,1,0,0,0,0,0,0,0
2018/08/09,2,0,0,0,1,0,0,0,0,0,0,0,1,0,0,0,0,0,0,0
2018/08/10,2,0,0,0,0,0,0,0,0,1,0,0,1,0,0,0,0,0,0,0
2018/08/13,1,0,0,0,0,0,0,0,0,0,0,0,1,0,0,0,0,0,0,0
2018/08/14,1,0,0,0,0,0,0,0,0,1,0,0,0,0,0,0,0,0,0,0
2018/08/21,1,0,0,0,1,0,0,0,0,0,0,0,0,0,0,0,0,0,0,0
2018/08/23,1,0,0,0,0,0,1,0,0,0,0,0,0,0,0,0,0,0,0,0
2018/08/25,1,0,0,0,1,0,0,0,0,0,0,0,0,0,0,0,0,0,0,0
2018/08/27,2,0,0,0,0,0,0,0,0,0,1,0,0,1,0,0,0,0,0,0
2018/08/28,3,0,0,0,1,0,0,0,0,1,0,0,0,1,0,0,0,0,0,0
2018/08/29,2,0,0,0,0,0,0,0,0,1,0,0,1,0,0,0,0,0,0,0
2018/08/30,3,0,0,0,1,0,0,0,0,1,0,0,1,0,0,0,0,0,0,0
2018/08/31,1,1,0,0,0,0,0,0,0,0,0,0,0,0,0,0,0,0,0,0
2018/09/01,2,1,0,0,1,0,0,0,0,0,0,0,0,0,0,0,0,0,0,0
2018/09/04,4,1,0,0,1,0,0,0,0,1,0,0,1,0,0,0,0,0,0,0
2018/09/05,3,0,0,0,1,0,0,0,0,1,0,0,1,0,0,0,0,0,0,0
2018/09/06,4,1,0,0,1,0,0,0,0,1,0,0,0,1,0,0,0,0,0,0
2018/09/07,3,0,0,0,1,0,0,0,0,1,0,1,0,0,0,0,0,0,0,0
2018/09/08,2,0,0,0,1,0,0,0,0,1,0,0,0,0,0,0,0,0,0,0
2018/09/10,3,0,0,0,1,0,0,0,0,1,0,0,1,0,0,0,0,0,0,0
2018/09/11,4,1,0,0,1,0,0,0,1,0,0,0,1,0,0,0,0,0,0,0
2018/09/12,3,0,0,0,1,0,0,0,1,0,0,0,1,0,0,0,0,0,0,0
2018/09/13,4,0,1,0,1,0,0,0,1,0,0,0,0,1,0,0,0,0,0,0
2018/09/14,4,1,0,0,1,0,0,0,1,0,0,0,1,0,0,0,0,0,0,0
2018/09/15,2,0,0,0,0,0,0,0,0,0,0,1,0,1,0,0,0,0,0,0
2018/09/17,4,1,0,0,1,0,0,0,0,0,0,1,0,0,1,0,0,0,0,0
2018/09/18,3,1,0,0,1,0,0,0,1,0,0,0,0,0,0,0,0,0,0,0
2018/09/19,2,0,0,0,1,0,0,0,0,1,0,0,0,0,0,0,0,0,0,0
2018/09/20,2,0,0,0,1,0,0,0,1,0,0,0,0,0,0,0,0,0,0,0
2018/09/21,2,0,1,0,1,0,0,0,0,0,0,0,0,0,0,0,0,0,0,0
2018/09/22,2,1,0,0,1,0,0,0,0,0,0,0,0,0,0,0,0,0,0,0
2018/09/24,2,0,1,0,0,0,0,0,0,0,0,0,1,0,0,0,0,0,0,0
2018/09/25,2,0,1,0,1,0,0,0,0,0,0,0,0,0,0,0,0,0,0,0
2018/09/26,1,1,0,0,0,0,0,0,0,0,0,0,0,0,0,0,0,0,0,0
2018/09/27,1,1,0,0,0,0,0,0,0,0,0,0,0,0,0,0,0,0,0,0
2018/09/28,2,0,1,0,1,0,0,0,0,0,0,0,0,0,0,0,0,0,0,0
2018/09/29,2,1,0,0,1,0,0,0,0,0,0,0,0,0,0,0,0,0,0,0
2018/10/01,3,1,0,1,0,0,0,0,0,1,0,0,0,0,0,0,0,0,0,0
2018/10/02,3,1,0,0,1,0,0,0,0,0,1,0,0,0,0,0,0,0,0,0
2018/10/03,2,1,0,0,1,0,0,0,0,0,0,0,0,0,0,0,0,0,0,0
2018/10/04,2,1,0,0,1,0,0,0,0,0,0,0,0,0,0,0,0,0,0,0
2018/10/05,3,1,0,1,0,0,0,0,0,1,0,0,0,0,0,0,0,0,0,0
2018/10/06,2,1,0,0,1,0,0,0,0,0,0,0,0,0,0,0,0,0,0,0
2018/10/08,3,1,0,0,1,0,0,0,0,1,0,0,0,0,0,0,0,0,0,0
2018/10/09,2,1,0,0,1,0,0,0,0,0,0,0,0,0,0,0,0,0,0,0
2018/10/10,2,0,0,0,1,0,0,0,0,1,0,0,0,0,0,0,0,0,0,0
2018/10/11,1,0,0,0,1,0,0,0,0,0,0,0,0,0,0,0,0,0,0,0
2018/10/12,1,0,0,0,1,0,0,0,0,0,0,0,0,0,0,0,0,0,0,0
2018/10/15,1,0,0,0,1,0,0,0,0,0,0,0,0,0,0,0,0,0,0,0
2018/10/19,1,0,0,0,1,0,0,0,0,0,0,0,0,0,0,0,0,0,0,0
2018/11/09,1,0,0,0,1,0,0,0,0,0,0,0,0,0,0,0,0,0,0,0
2018/11/12,1,0,0,0,1,0,0,0,0,0,0,0,0,0,0,0,0,0,0,0
2018/11/14,3,0,0,0,1,0,0,0,0,0,0,1,0,0,1,0,0,0,0,0
2018/11/15,3,0,0,0,1,0,0,0,0,1,0,1,0,0,0,0,0,0,0,0
2018/11/16,3,0,0,0,1,0,0,0,0,1,0,0,0,1,0,0,0,0,0,0
2018/11/17,3,0,0,0,1,0,0,0,0,1,0,0,1,0,0,0,0,0,0,0
2018/11/19,4,0,0,0,2,0,0,0,0,1,0,0,1,0,0,0,0,0,0,0
2018/11/20,4,0,0,1,1,0,0,0,0,1,0,0,1,0,0,0,0,0,0,0
2018/11/21,5,0,0,0,2,0,0,0,0,1,0,1,0,0,0,0,1,0,0,0
2018/11/22,6,1,0,0,2,0,0,0,0,1,0,0,1,0,0,1,0,0,0,0
2018/11/23,6,1,0,1,1,0,0,0,0,1,0,0,1,0,0,1,0,0,0,0
2018/11/24,5,1,0,1,0,0,0,0,0,1,0,0,1,0,0,1,0,0,0,0
2018/11/26,3,0,0,0,1,0,0,0,0,1,0,0,1,0,0,0,0,0,0,0
2018/11/27,3,0,0,0,1,0,0,0,0,1,0,0,1,0,0,0,0,0,0,0
2018/11/28,3,0,0,0,1,0,0,0,0,1,0,0,1,0,0,0,0,0,0,0
2018/11/29,3,0,0,0,1,0,0,0,0,1,0,0,1,0,0,0,0,0,0,0
2018/11/30,2,0,0,0,1,0,0,0,0,1,0,0,0,0,0,0,0,0,0,0
2018/12/01,2,1,0,0,1,0,0,0,0,0,0,0,0,0,0,0,0,0,0,0
2018/12/03,2,1,0,0,1,0,0,0,0,0,0,0,0,0,0,0,0,0,0,0
2018/12/04,1,0,0,0,1,0,0,0,0,0,0,0,0,0,0,0,0,0,0,0
2018/12/05,1,0,0,0,1,0,0,0,0,0,0,0,0,0,0,0,0,0,0,0
2018/12/06,3,0,0,0,1,0,0,0,0,1,0,0,1,0,0,0,0,0,0,0
2018/12/07,3,0,0,0,0,1,0,0,0,1,0,0,0,1,0,0,0,0,0,0
2018/12/08,1,0,0,0,1,0,0,0,0,0,0,0,0,0,0,0,0,0,0,0
2018/12/10,2,0,0,0,0,1,0,0,0,0,0,0,1,0,0,0,0,0,0,0
2018/12/11,5,1,0,0,0,1,0,0,0,1,0,0,1,0,1,0,0,0,0,0
2018/12/12,6,1,0,0,1,0,0,0,0,1,0,0,1,1,0,0,0,1,0,0
2018/12/13,7,1,0,0,1,0,0,0,0,1,0,1,0,0,1,0,0,1,1,0
2018/12/14,5,0,0,0,1,0,0,0,0,1,0,0,0,1,0,0,0,1,1,0
2018/12/15,5,0,0,0,1,0,0,0,0,1,0,0,0,1,0,1,0,1,0,0
2018/12/16,1,1,0,0,0,0,0,0,0,0,0,0,0,0,0,0,0,0,0,0
2018/12/17,6,0,0,1,2,0,0,0,0,1,0,0,0,0,0,0,0,1,1,0
2018/12/18,6,1,0,0,1,0,0,0,0,1,0,0,1,0,0,1,0,1,0,0
2018/12/19,6,1,0,0,1,0,0,0,0,1,0,0,1,0,0,1,0,1,0,0
2018/12/20,6,1,0,0,1,0,0,0,0,1,0,0,1,0,0,1,0,1,0,0
2018/12/21,5,1,0,0,1,0,0,0,0,1,0,0,1,0,0,1,0,0,0,0
2018/12/22,3,1,0,0,1,0,0,0,0,1,0,0,0,0,0,0,0,0,0,0
2018/12/23,1,1,0,0,0,0,0,0,0,0,0,0,0,0,0,0,0,0,0,0
2018/12/24,3,0,0,0,1,0,0,0,0,0,0,1,0,0,1,0,0,0,0,0
2018/12/25,2,1,0,0,0,0,0,0,0,0,0,0,0,0,1,0,0,0,0,0
2018/12/26,3,1,0,0,0,0,0,0,0,0,0,1,0,0,1,0,0,0,0,0
2018/12/27,4,1,0,0,1,0,0,0,0,1,0,0,0,0,1,0,0,0,0,0
2018/12/28,4,1,0,0,1,0,0,0,0,1,0,0,0,0,1,0,0,0,0,0
2018/12/29,3,1,0,0,1,0,0,0,0,1,0,0,0,0,0,0,0,0,0,0
2018/12/31,2,0,0,0,1,0,0,0,0,0,0,0,0,0,1,0,0,0,0,0
2019/01/03,1,0,0,1,0,0,0,0,0,0,0,0,0,0,0,0,0,0,0,0
2019/01/04,2,1,0,0,1,0,0,0,0,0,0,0,0,0,0,0,0,0,0,0
2019/01/05,2,1,0,0,0,1,0,0,0,0,0,0,0,0,0,0,0,0,0,0
2019/01/07,3,1,0,0,1,0,0,0,0,0,0,0,1,0,0,0,0,0,0,0
2019/01/08,3,1,0,0,1,0,0,0,0,0,0,0,1,0,0,0,0,0,0,0
2019/01/09,2,1,0,0,0,0,0,0,0,0,0,0,1,0,0,0,0,0,0,0
2019/01/10,3,1,0,0,1,0,0,0,0,0,0,0,1,0,0,0,0,0,0,0
2019/01/11,3,1,0,0,0,0,0,0,0,0,0,0,1,0,0,1,0,0,0,0
2019/01/12,3,1,0,0,1,0,0,0,0,1,0,0,0,0,0,0,0,0,0,0
2019/01/14,2,0,0,0,0,0,0,0,0,0,0,0,1,0,0,1,0,0,0,0
2019/01/15,3,1,0,0,1,0,0,0,0,0,0,0,1,0,0,0,0,0,0,0
2019/01/16,4,1,0,1,0,0,0,0,0,0,0,0,1,0,0,1,0,0,0,0
2019/01/17,3,1,0,0,1,0,0,0,0,0,0,0,1,0,0,0,0,0,0,0
2019/01/18,2,0,0,0,1,0,0,0,0,0,0,0,0,0,0,1,0,0,0,0
2019/01/19,3,1,0,0,1,0,0,0,0,1,0,0,0,0,0,0,0,0,0,0
2019/01/21,3,1,0,0,1,0,0,0,0,0,0,0,0,0,0,1,0,0,0,0
2019/01/22,2,1,0,0,0,0,0,0,0,0,0,0,1,0,0,0,0,0,0,0
2019/01/23,2,1,0,0,1,0,0,0,0,0,0,0,0,0,0,0,0,0,0,0
2019/01/24,2,0,1,1,0,0,0,0,0,0,0,0,0,0,0,0,0,0,0,0
2019/01/25,2,0,1,0,1,0,0,0,0,0,0,0,0,0,0,0,0,0,0,0
2019/01/26,2,0,0,0,1,0,0,0,0,1,0,0,0,0,0,0,0,0,0,0
2019/01/28,4,1,0,0,1,0,0,0,1,0,0,0,0,1,0,0,0,0,0,0
2019/01/29,4,1,0,0,1,0,0,0,0,0,0,0,0,0,0,1,1,0,0,0
2019/01/30,4,1,0,0,1,0,0,0,0,1,0,0,1,0,0,0,0,0,0,0
2019/01/31,2,0,0,0,1,0,0,0,0,0,0,0,1,0,0,0,0,0,0,0
2019/02/01,1,0,0,0,0,0,0,0,0,0,0,0,0,1,0,0,0,0,0,0
2019/02/02,1,0,0,0,0,0,0,0,0,1,0,0,0,0,0,0,0,0,0,0
2019/02/04,1,0,0,0,0,0,0,0,0,0,0,0,1,0,0,0,0,0,0,0
2019/02/05,1,0,0,0,0,0,0,0,0,0,0,0,1,0,0,0,0,0,0,0
2019/02/06,1,0,0,0,0,0,0,0,0,0,0,0,1,0,0,0,0,0,0,0
2019/02/07,3,0,0,0,0,0,0,0,0,1,0,0,1,1,0,0,0,0,0,0
2019/02/08,2,0,0,0,0,0,0,0,0,1,0,0,0,0,0,1,0,0,0,0
2019/02/09,1,0,0,0,1,0,0,0,0,0,0,0,0,0,0,0,0,0,0,0
2019/02/11,2,0,0,0,0,0,0,0,0,1,0,0,0,0,0,0,1,0,0,0
2019/02/12,2,0,0,0,0,0,0,0,0,1,0,0,0,1,0,0,0,0,0,0
2019/02/13,2,0,0,0,0,0,0,0,0,1,0,0,0,0,0,1,0,0,0,0
2019/02/14,1,0,0,0,0,0,0,0,0,0,0,0,0,1,0,0,0,0,0,0
2019/02/15,1,0,0,0,0,0,0,0,0,0,0,0,0,0,0,1,0,0,0,0
2019/03/04,1,0,0,0,1,0,0,0,0,0,0,0,0,0,0,0,0,0,0,0
2019/03/05,1,0,0,0,0,1,0,0,0,0,0,0,0,0,0,0,0,0,0,0
2019/03/06,1,0,0,0,1,0,0,0,0,0,0,0,0,0,0,0,0,0,0,0
2019/03/07,1,0,0,0,1,0,0,0,0,0,0,0,0,0,0,0,0,0,0,0
2019/03/08,2,0,0,0,0,0,0,1,0,0,0,1,0,0,0,0,0,0,0,0
2019/03/09,3,0,0,0,1,0,0,0,0,1,0,0,1,0,0,0,0,0,0,0
2019/03/11,3,1,0,0,1,0,0,0,0,0,0,1,0,0,0,0,0,0,0,0
2019/03/12,3,0,0,0,2,0,0,0,0,0,0,0,1,0,0,0,0,0,0,0
2019/03/13,3,1,0,0,1,0,0,0,0,0,0,0,1,0,0,0,0,0,0,0
2019/03/14,3,1,0,0,1,0,0,0,0,0,0,0,1,0,0,0,0,0,0,0
2019/03/15,2,1,0,0,0,0,0,0,0,0,0,0,1,0,0,0,0,0,0,0
2019/03/16,2,0,0,0,1,0,0,0,1,0,0,0,0,0,0,0,0,0,0,0
2019/03/18,2,1,0,0,0,0,0,0,0,0,0,0,1,0,0,0,0,0,0,0
2019/03/19,2,1,0,0,0,0,0,0,0,0,0,0,1,0,0,0,0,0,0,0
2019/03/20,2,1,0,0,0,0,0,0,0,1,0,0,0,0,0,0,0,0,0,0
2019/03/21,1,0,0,1,0,0,0,0,0,0,0,0,0,0,0,0,0,0,0,0
2019/03/22,1,0,0,0,0,0,0,0,0,0,0,0,1,0,0,0,0,0,0,0
2019/03/23,1,0,0,1,0,0,0,0,0,0,0,0,0,0,0,0,0,0,0,0
2019/03/25,2,1,0,0,0,0,0,0,0,0,0,0,1,0,0,0,0,0,0,0
2019/03/26,2,1,0,0,0,0,0,0,0,0,0,0,1,0,0,0,0,0,0,0
2019/03/27,3,0,0,0,1,0,0,0,0,1,0,0,1,0,0,0,0,0,0,0
2019/03/28,3,0,0,0,1,0,0,0,0,1,0,0,1,0,0,0,0,0,0,0
2019/03/29,3,0,0,0,1,0,0,0,0,1,0,0,1,0,0,0,0,0,0,0
2019/03/30,3,1,0,1,0,0,0,0,0,1,0,0,0,0,0,0,0,0,0,0
2019/03/31,1,1,0,0,0,0,0,0,0,0,0,0,0,0,0,0,0,0,0,0
2019/04/01,2,0,0,0,1,0,0,0,0,1,0,0,0,0,0,0,0,0,0,0
2019/04/02,1,0,0,0,0,0,0,0,0,1,0,0,0,0,0,0,0,0,0,0
2019/04/03,1,0,0,0,0,0,0,0,0,1,0,0,0,0,0,0,0,0,0,0
2019/04/04,1,0,0,0,0,0,0,0,0,1,0,0,0,0,0,0,0,0,0,0
2019/04/08,1,0,0,0,1,0,0,0,0,0,0,0,0,0,0,0,0,0,0,0
2019/04/09,1,0,0,0,1,0,0,0,0,0,0,0,0,0,0,0,0,0,0,0
2019/04/10,1,0,0,0,1,0,0,0,0,0,0,0,0,0,0,0,0,0,0,0
2019/04/11,1,0,0,0,1,0,0,0,0,0,0,0,0,0,0,0,0,0,0,0
2019/04/12,1,0,0,0,1,0,0,0,0,0,0,0,0,0,0,0,0,0,0,0
2019/04/13,3,0,0,0,1,0,0,0,0,1,0,0,1,0,0,0,0,0,0,0
2019/04/15,1,0,0,0,1,0,0,0,0,0,0,0,0,0,0,0,0,0,0,0
2019/04/16,2,0,0,0,1,0,0,0,0,0,1,0,0,0,0,0,0,0,0,0
2019/04/17,1,0,0,0,1,0,0,0,0,0,0,0,0,0,0,0,0,0,0,0
2019/04/18,2,1,0,0,0,0,0,0,0,1,0,0,0,0,0,0,0,0,0,0
2019/04/19,2,0,0,0,1,0,0,0,0,0,0,0,0,0,0,0,0,0,1,0
2019/04/20,3,0,1,0,1,0,0,0,0,1,0,0,0,0,0,0,0,0,0,0
2019/04/22,2,0,0,1,1,0,0,0,0,0,0,0,0,0,0,0,0,0,0,0
2019/04/23,3,1,0,0,1,0,0,0,0,1,0,0,0,0,0,0,0,0,0,0
2019/04/24,3,1,0,0,1,0,0,0,0,0,0,0,0,1,0,0,0,0,0,0
2019/04/25,3,0,0,0,2,0,0,0,0,1,0,0,0,0,0,0,0,0,0,0
2019/04/26,2,0,0,0,2,0,0,0,0,0,0,0,0,0,0,0,0,0,0,0
2019/04/27,3,1,1,0,1,0,0,0,0,0,0,0,0,0,0,0,0,0,0,0
2019/04/29,2,1,0,0,1,0,0,0,0,0,0,0,0,0,0,0,0,0,0,0
2019/04/30,3,2,0,0,1,0,0,0,0,0,0,0,0,0,0,0,0,0,0,0
2019/05/01,1,1,0,0,0,0,0,0,0,0,0,0,0,0,0,0,0,0,0,0
2019/05/02,2,1,0,0,1,0,0,0,0,0,0,0,0,0,0,0,0,0,0,0
2019/05/03,1,1,0,0,0,0,0,0,0,0,0,0,0,0,0,0,0,0,0,0
2019/05/04,1,0,0,0,1,0,0,0,0,0,0,0,0,0,0,0,0,0,0,0
2019/05/08,1,1,0,0,0,0,0,0,0,0,0,0,0,0,0,0,0,0,0,0
2019/05/09,1,1,0,0,0,0,0,0,0,0,0,0,0,0,0,0,0,0,0,0
2019/05/10,3,1,0,1,0,0,0,0,0,0,0,0,0,0,1,0,0,0,0,0
2019/05/11,4,1,0,0,1,0,0,0,0,0,0,1,0,0,1,0,0,0,0,0
2019/05/13,5,1,0,0,0,1,0,0,0,1,0,0,1,0,0,1,0,0,0,0
2019/05/14,5,1,1,0,0,0,0,0,0,1,0,0,1,0,0,1,0,0,0,0
2019/05/15,5,0,1,1,0,0,0,0,0,1,0,0,1,0,0,1,0,0,0,0
2019/05/16,5,0,1,0,0,1,0,0,0,1,0,0,1,0,0,1,0,0,0,0
2019/05/17,5,1,0,0,0,1,0,0,0,1,0,0,1,0,0,1,0,0,0,0
2019/05/18,5,0,0,1,1,0,0,0,0,1,0,1,0,0,0,0,1,0,0,0
2019/05/20,4,1,0,0,1,0,0,0,0,1,0,0,0,1,0,0,0,0,0,0
2019/05/21,5,1,0,0,1,0,0,0,0,1,0,0,1,0,0,1,0,0,0,0
2019/05/22,2,1,0,0,0,0,0,0,0,1,0,0,0,0,0,0,0,0,0,0
2019/05/23,2,1,0,1,0,0,0,0,0,0,0,0,0,0,0,0,0,0,0,0
2019/05/25,1,0,0,1,0,0,0,0,0,0,0,0,0,0,0,0,0,0,0,0
2019/05/28,1,0,0,0,1,0,0,0,0,0,0,0,0,0,0,0,0,0,0,0
2019/05/30,1,0,0,0,1,0,0,0,0,0,0,0,0,0,0,0,0,0,0,0
2019/05/31,1,0,0,0,0,0,0,0,0,0,0,0,1,0,0,0,0,0,0,0
2019/06/01,2,1,0,0,1,0,0,0,0,0,0,0,0,0,0,0,0,0,0,0
2019/06/03,1,0,0,0,0,0,0,0,0,0,0,0,1,0,0,0,0,0,0,0
2019/06/04,2,0,0,0,1,0,0,0,0,0,0,0,1,0,0,0,0,0,0,0
2019/06/05,1,0,0,0,0,0,0,0,0,0,0,0,1,0,0,0,0,0,0,0
2019/06/06,2,0,0,0,1,0,0,0,0,0,0,0,1,0,0,0,0,0,0,0
2019/06/07,1,0,0,0,0,0,0,0,0,0,0,0,1,0,0,0,0,0,0,0
2019/06/08,1,0,1,0,0,0,0,0,0,0,0,0,0,0,0,0,0,0,0,0
2019/06/14,2,1,0,0,0,0,0,0,0,0,0,0,1,0,0,0,0,0,0,0
2019/06/15,2,1,0,0,0,0,0,0,0,0,0,1,0,0,0,0,0,0,0,0
2019/06/16,1,1,0,0,0,0,0,0,0,0,0,0,0,0,0,0,0,0,0,0
2019/06/17,3,1,0,0,1,0,0,0,0,1,0,0,0,0,0,0,0,0,0,0
2019/06/18,3,1,0,0,1,0,0,0,0,1,0,0,0,0,0,0,0,0,0,0
2019/06/19,3,1,0,0,1,0,0,0,1,0,0,0,0,0,0,0,0,0,0,0
2019/06/20,3,1,0,0,1,0,0,0,1,0,0,0,0,0,0,0,0,0,0,0
2019/06/21,2,0,0,0,1,0,0,0,0,1,0,0,0,0,0,0,0,0,0,0
2019/06/22,2,0,1,0,0,0,1,0,0,0,0,0,0,0,0,0,0,0,0,0
2019/06/24,2,0,0,0,1,0,0,0,0,1,0,0,0,0,0,0,0,0,0,0
2019/06/25,3,1,0,0,1,0,0,0,0,1,0,0,0,0,0,0,0,0,0,0
2019/06/26,3,1,0,0,1,0,0,0,0,1,0,0,0,0,0,0,0,0,0,0
2019/06/27,4,1,0,0,1,0,0,0,0,1,0,0,1,0,0,0,0,0,0,0
2019/06/28,3,1,0,0,1,0,0,0,0,1,0,0,0,0,0,0,0,0,0,0
2019/06/29,2,1,0,0,1,0,0,0,0,0,0,0,0,0,0,0,0,0,0,0
2019/06/30,1,1,0,0,0,0,0,0,0,0,0,0,0,0,0,0,0,0,0,0
2019/07/01,1,0,0,0,1,0,0,0,0,0,0,0,0,0,0,0,0,0,0,0
2019/07/02,1,0,0,0,1,0,0,0,0,0,0,0,0,0,0,0,0,0,0,0
2019/07/07,1,1,0,0,0,0,0,0,0,0,0,0,0,0,0,0,0,0,0,0
2019/07/08,1,0,0,0,1,0,0,0,0,0,0,0,0,0,0,0,0,0,0,0
2019/07/09,1,0,0,0,1,0,0,0,0,0,0,0,0,0,0,0,0,0,0,0
2019/07/10,1,0,0,0,1,0,0,0,0,0,0,0,0,0,0,0,0,0,0,0
2019/07/11,1,0,0,0,1,0,0,0,0,0,0,0,0,0,0,0,0,0,0,0
2019/07/12,3,1,0,0,1,0,0,0,0,0,1,0,0,0,0,0,0,0,0,0
2019/07/13,2,1,0,0,0,0,0,1,0,0,0,0,0,0,0,0,0,0,0,0
2019/07/14,1,1,0,0,0,0,0,0,0,0,0,0,0,0,0,0,0,0,0,0
2019/07/15,2,0,0,0,0,0,0,1,0,0,0,0,1,0,0,0,0,0,0,0
2019/07/16,3,1,0,0,1,0,0,0,0,1,0,0,0,0,0,0,0,0,0,0
2019/07/17,3,1,0,0,1,0,0,0,1,0,0,0,0,0,0,0,0,0,0,0
2019/07/18,4,1,0,0,1,0,0,0,1,0,0,0,1,0,0,0,0,0,0,0
2019/07/19,3,1,0,0,1,0,0,0,1,0,0,0,0,0,0,0,0,0,0,0
2019/07/20,3,0,1,0,0,1,0,0,0,1,0,0,0,0,0,0,0,0,0,0
2019/07/21,1,0,0,0,0,0,0,0,0,0,0,0,0,0,1,0,0,0,0,0
2019/07/22,3,1,0,0,0,0,0,0,0,1,0,0,0,1,0,0,0,0,0,0
2019/07/23,3,1,0,0,0,0,0,0,0,1,0,0,0,1,0,0,0,0,0,0
2019/07/24,1,0,0,0,0,0,0,0,0,0,0,0,0,1,0,0,0,0,0,0
2019/07/25,1,0,0,0,0,0,0,0,0,0,0,0,0,1,0,0,0,0,0,0
2019/07/26,1,0,0,0,0,0,0,0,0,0,0,0,0,1,0,0,0,0,0,0
2019/07/27,1,0,1,0,0,0,0,0,0,0,0,0,0,0,0,0,0,0,0,0
2019/07/29,2,0,0,0,1,0,0,0,0,0,0,0,0,1,0,0,0,0,0,0
2019/07/30,2,0,0,0,1,0,0,0,0,0,0,0,0,1,0,0,0,0,0,0
2019/07/31,1,0,0,0,0,0,0,0,0,0,0,0,0,1,0,0,0,0,0,0
2019/08/01,2,0,0,0,0,1,0,0,0,0,0,0,0,1,0,0,0,0,0,0
2019/08/02,1,0,0,0,0,0,0,0,0,0,0,0,0,1,0,0,0,0,0,0
2019/08/05,1,0,0,0,1,0,0,0,0,0,0,0,0,0,0,0,0,0,0,0
2019/08/06,1,0,0,0,1,0,0,0,0,0,0,0,0,0,0,0,0,0,0,0
2019/08/07,2,0,0,0,1,0,0,0,0,0,0,0,0,1,0,0,0,0,0,0
2019/08/08,1,0,0,0,1,0,0,0,0,0,0,0,0,0,0,0,0,0,0,0
2019/08/09,2,0,0,0,1,0,0,0,0,0,0,0,1,0,0,0,0,0,0,0
2019/08/12,1,0,0,0,0,0,0,0,0,0,0,0,1,0,0,0,0,0,0,0
2019/08/13,1,0,0,0,1,0,0,0,0,0,0,0,0,0,0,0,0,0,0,0
2019/08/14,2,0,0,0,1,0,0,0,0,0,0,0,1,0,0,0,0,0,0,0
2019/08/15,1,0,0,0,1,0,0,0,0,0,0,0,0,0,0,0,0,0,0,0
2019/08/16,2,0,0,0,1,0,0,0,0,0,0,0,1,0,0,0,0,0,0,0
2019/08/19,2,0,0,0,1,0,0,0,0,0,0,0,1,0,0,0,0,0,0,0
2019/08/21,1,0,0,0,1,0,0,0,0,0,0,0,0,0,0,0,0,0,0,0
2019/08/23,1,0,0,0,1,0,0,0,0,0,0,0,0,0,0,0,0,0,0,0
2019/08/26,1,0,0,0,1,0,0,0,0,0,0,0,0,0,0,0,0,0,0,0
2019/08/28,1,0,0,0,1,0,0,0,0,0,0,0,0,0,0,0,0,0,0,0
2019/08/29,1,,,,,,,,,,,,,,,,,,,
2019/08/30,1,,,,,,,,,,,,,,,,,,,
2019/08/31,1,,,,,,,,,,,,,,,,,,,
2019/9/1,1,,,,,,,,,,,,,,,,,,,
2019/9/2,1,,,,,,,,,,,,,,,,,,,
2019/9/3,1,,,,,,,,,,,,,,,,,,,
2019/9/4,1,,,,,,,,,,,,,,,,,,,
2019/9/5,1,,,,,,,,,,,,,,,,,,,
2019/9/6,1,,,,,,,,,,,,,,,,,,,
2019/9/7,1,,,,,,,,,,,,,,,,,,,
2019/9/8,1,,,,,,,,,,,,,,,,,,,
2019/9/9,1,,,,,,,,,,,,,,,,,,,
2019/9/10,1,,,,,,,,,,,,,,,,,,,
2019/9/11,1,,,,,,,,,,,,,,,,,,,
2019/9/12,1,,,,,,,,,,,,,,,,,,,
2019/9/13,1,,,,,,,,,,,,,,,,,,,
2019/9/14,1,,,,,,,,,,,,,,,,,,,
2019/9/15,1,,,,,,,,,,,,,,,,,,,
2019/9/16,1,,,,,,,,,,,,,,,,,,,
2019/9/17,1,,,,,,,,,,,,,,,,,,,
2019/9/18,1,,,,,,,,,,,,,,,,,,,
2019/9/19,1,,,,,,,,,,,,,,,,,,,
2019/9/20,1,,,,,,,,,,,,,,,,,,,
2019/9/21,1,,,,,,,,,,,,,,,,,,,
2019/9/22,1,,,,,,,,,,,,,,,,,,,
2019/9/23,1,,,,,,,,,,,,,,,,,,,
2019/9/24,1,,,,,,,,,,,,,,,,,,,
2019/9/25,1,,,,,,,,,,,,,,,,,,,
2019/9/26,1,,,,,,,,,,,,,,,,,,,
2019/9/27,1,,,,,,,,,,,,,,,,,,,
2019/9/28,1,,,,,,,,,,,,,,,,,,,
2019/9/29,1,,,,,,,,,,,,,,,,,,,
2019/9/30,1,,,,,,,,,,,,,,,,,,,
